Customer ID,Feedback Channel,Rating,Date,Comment
C00103,Email,5,12/4/2024 0:00,Excellent service! Very satisfied with my purchase.
C00436,Survey,5,,Really happy with the quality and delivery time. Thanks for the survey follow-up.
C00349,Email,4,12/21/2024 0:00,Very professional and efficient service.
C00271,Social Media,5,12/17/2024 0:00,Really happy with the quality and delivery time.
C00107,Survey,1,11/18/2024 0:00,Poor communication from the team.
C00072,Email,5,2024/28/12,Outstanding customer support team. Response time could be faster.
TEST123,Social Media,3,11/11/2024 0:00,"Service was okay, nothing special. Quick response on social media."
C00021,Survey,5,2024/27/12,Really happy with the quality and delivery time. Thanks for the survey follow-up.
C00103,Survey,1,11/23/2024 0:00,Product didn't meet expectations.
C00122,XXX,4,12/18/2024 0:00,
C00467,Email,5,11/22/2024 0:00,The product exceeded my expectations. Will buy again!
C00215,Email,3,11/17/2024 0:00,Satisfactory purchase experience.
C00331,Social Media,2,11/5/2024 0:00,Disappointed with the service quality. Quick response on social media.
C00459,Email,1,12/14/2024 0:00,Need to improve product quality.
,Survey,3,11/11/2024 0:00,"Not bad, not great either."
C00373,Survey,4,11/30/2024 0:00,...
C00100,Email,2,11/15/2024 0:00,Would not recommend to others.
C00360,Email,3,11/27/2024 0:00,"Service was okay, nothing special."
C00152,Survey,1,12/5/2024 0:00,Need to improve product quality.
C00131,Social Media,5,12/3/2024 0:00,The product exceeded my expectations. Will buy again!
C00150,Email,2,11/20/2024 0:00,Need to improve product quality. Response time could be faster.
C00309,Email,6,,Decent experience overall. Response time could be faster.
C00258,Survey,1,12/4/2024 0:00,N/A
C00344,Email,4,,Best shopping experience I've had in a while!
C00492,Social Media,5,12/5/2024 0:00,The product exceeded my expectations. Will buy again!
C00414,Survey,3,12/10/2024 0:00,Decent experience overall.
C00294,Email,2,12/26/2024 0:00,Would not recommend to others. Response time could be faster.
C00386,Survey,5,11/28/2024 0:00,Very professional and efficient service.
C00192,Email,5,12/17/2024 0:00,Excellent service! Very satisfied with my purchase. Response time could be faster.
C00444,Email,2,12/9/2024 0:00,Product didn't meet expectations.
C00277,Email,5,11/6/2024 0:00,Best shopping experience I've had in a while!
C00161,Social Media,5,11/9/2024 0:00,Very professional and efficient service.
C00460,Social Media,2,11/20/2024 0:00,Would not recommend to others. Quick response on social media.
C00314,Survey,5,12/30/2024 0:00,Best shopping experience I've had in a while!
C00022,Email,5,11/1/2024 0:00,Excellent service! Very satisfied with my purchase.
C00253,Email,,11/8/2024 0:00,Excellent service! Very satisfied with my purchase.
C00236,Social Media,,12/25/2024 0:00,Would not recommend to others. Quick response on social media.
C00345,Email,1,11/23/2024 0:00,Product didn't meet expectations.
C00049,Social Media,5,11/3/2024 0:00,Great value for money. Highly recommended!
C00475,Email,5,11/4/2024 0:00,Really happy with the quality and delivery time.
C00059,Survey,4,12/28/2024 0:00,Excellent service! Very satisfied with my purchase.
C00170,Email,4,11/25/2024 0:00,Very professional and efficient service.
C00476,Email,,12/17/2024 0:00,Really happy with the quality and delivery time.
C00188,Social Media,4,12/8/2024 0:00,Outstanding customer support team. Quick response on social media.
C00464,Email,,11/15/2024 0:00,Could use some improvements but generally fine.
C00271,Email,1,11/21/2024 0:00,Need to improve product quality.
C00190,Social Media,5,12/5/2024 0:00,Best shopping experience I've had in a while!
C00446,Survey,3,2024/27/12,N/A
C00175,Survey,5,12/23/2024 0:00,Really happy with the quality and delivery time.
C00446,Social Media,3,12/23/2024 0:00,"Not bad, not great either."
C00051,Social Media,1,12/16/2024 0:00,Long waiting times for customer support. Quick response on social media.
C00364,Social Media,2,12/22/2024 0:00,Disappointed with the service quality.
C00055,Social Media,4,11/14/2024 0:00,Outstanding customer support team.
C00244,Social Media,5,12/6/2024 0:00,Excellent service! Very satisfied with my purchase.
C00320,Survey,2,,Would not recommend to others. Thanks for the survey follow-up.
C00131,Survey,5,11/17/2024 0:00,Excellent service! Very satisfied with my purchase.
,Social Media,4,12/9/2024 0:00,Best shopping experience I've had in a while!
C00307,Email,5,11/9/2024 0:00,Very professional and efficient service.
C00135,Social Media,3,12/5/2024 0:00,Decent experience overall. Quick response on social media.
C00021,Email,5,,Really happy with the quality and delivery time.
,,5,11/13/2024 0:00,Outstanding customer support team.
C00167,Social Media,3,,Could use some improvements but generally fine.
C00274,Survey,2,11/18/2024 0:00,
C00388,Email,5,12/21/2024 0:00,Best shopping experience I've had in a while!
C00089,Email,5,12/3/2024 0:00,The product exceeded my expectations. Will buy again!
C00316,Survey,1,11/6/2024 0:00,Product didn't meet expectations. Thanks for the survey follow-up.
C00014,Survey,5,12/29/2024 0:00,Really happy with the quality and delivery time.
C00242,Survey,5,11/27/2024 0:00,Best shopping experience I've had in a while!
C00265,Survey,5,11/23/2024 0:00,Great value for money. Highly recommended! Thanks for the survey follow-up.
C00346,,5,12/29/2024 0:00,Really happy with the quality and delivery time.
C00053,Email,5,11/27/2024 0:00,Great value for money. Highly recommended!
C00386,Social Media,4,12/4/2024 0:00,Really happy with the quality and delivery time.
C00340,Social Media,3,12/26/2024 0:00,Product meets basic expectations.
C00092,Survey,3,12/16/2024 0:00,
C00367,Survey,5,12/8/2024 0:00,The product exceeded my expectations. Will buy again! Thanks for the survey follow-up.
C00444,Survey,5,11/14/2024 0:00,Excellent service! Very satisfied with my purchase.
C00455,Social Media,3,12/6/2024 0:00,"Not bad, not great either."
C00428,Social Media,5,12/23/2024 0:00,Best shopping experience I've had in a while!
C00264,Social Media,5,11/8/2024 0:00,Really happy with the quality and delivery time.
C00431,Social Media,4,12/5/2024 0:00,
C00035,Social Media,4,11/19/2024 0:00,Outstanding customer support team. Quick response on social media.
C00206,Social Media,4,11/30/2024 0:00,Great value for money. Highly recommended!
C00081,Social Media,,,Need to improve product quality.
C00420,Survey,3,12/29/2024 0:00,Satisfactory purchase experience.
C00050,,1,2024/20/11,Disappointed with the service quality.
C00360,Survey,2,12/19/2024 0:00,
C00388,Survey,4,11/25/2024 0:00,Outstanding customer support team.
C00002,Social Media,4,12/10/2024 0:00,The product exceeded my expectations. Will buy again!
C00390,Email,1,11/24/2024 0:00,Need to improve product quality.
C00054,Social Media,,11/14/2024 0:00,Great value for money. Highly recommended! Quick response on social media.
C00106,Email,3,11/26/2024 0:00,Product meets basic expectations.
C00260,Survey,5,12/8/2024 0:00,Excellent service! Very satisfied with my purchase.
C00310,Social Media,5,11/23/2024 0:00,The product exceeded my expectations. Will buy again!
C00477,Survey,2,11/22/2024 0:00,
C00191,Social Media,4,12/18/2024 0:00,The product exceeded my expectations. Will buy again! Quick response on social media.
C00402,Survey,1,12/27/2024 0:00,
C00218,Email,4,11/19/2024 0:00,Best shopping experience I've had in a while!
C00044,Email,4,12/16/2024 0:00,...
C00162,Email,3,12/21/2024 0:00,Decent experience overall.
C00202,Social Media,4,11/3/2024 0:00,Best shopping experience I've had in a while!
C00446,Email,3,12/12/2024 0:00,Could use some improvements but generally fine. Response time could be faster.
C00484,Social Media,2,11/19/2024 0:00,Need to improve product quality.
C00270,Email,4,11/9/2024 0:00,Great value for money. Highly recommended!
C00351,Email,3,11/28/2024 0:00,"Not bad, not great either. Response time could be faster."
C00304,Social Media,4,11/20/2024 0:00,Really happy with the quality and delivery time. Quick response on social media.
C00271,Social Media,4,12/15/2024 0:00,Outstanding customer support team.
C00456,Email,5,11/7/2024 0:00,Outstanding customer support team.
C00462,Social Media,2,11/14/2024 0:00,Disappointed with the service quality.
C00215,Email,4,11/9/2024 0:00,Excellent service! Very satisfied with my purchase.
C00252,Social Media,4,12/29/2024 0:00,Great value for money. Highly recommended!
C00190,Survey,3,12/30/2024 0:00,Average service quality.
C00296,Survey,5,12/25/2024 0:00,Very professional and efficient service. Thanks for the survey follow-up.
C00213,Survey,5,12/27/2024 0:00,Very professional and efficient service.
C00208,Survey,4,12/30/2024 0:00,Really happy with the quality and delivery time.
C00237,Survey,5,11/19/2024 0:00,Excellent service! Very satisfied with my purchase.
C00338,Website,5,12/17/2024 0:00,NO COMMENT
C00367,Survey,5,12/22/2024 0:00,Great value for money. Highly recommended! Thanks for the survey follow-up.
C00053,Website,5,11/14/2024 0:00,Excellent service! Very satisfied with my purchase. Thanks for the survey follow-up.
C00280,Survey,5,12/26/2024 0:00,
C00410,Survey,2,12/8/2024 0:00,Product didn't meet expectations.
C00217,Social Media,2,12/23/2024 0:00,Product didn't meet expectations.
C00252,Email,4,12/6/2024 0:00,Excellent service! Very satisfied with my purchase.
C00188,Survey,1,12/10/2024 0:00,Product didn't meet expectations.
C00380,Survey,4,11/17/2024 0:00,Best shopping experience I've had in a while!
C00493,Survey,3,11/30/2024 0:00,Average service quality. Thanks for the survey follow-up.
,Email,3,11/9/2024 0:00,
C00157,Social Media,,12/3/2024 0:00,Excellent service! Very satisfied with my purchase. Quick response on social media.
,Email,5,12/26/2024 0:00,Outstanding customer support team. Response time could be faster.
C00301,Social Media,1,12/22/2024 0:00,Not worth the price paid. Quick response on social media.
C00065,Survey,4,11/25/2024 0:00,Excellent service! Very satisfied with my purchase.
C00345,,5,11/14/2024 0:00,The product exceeded my expectations. Will buy again!
,Email,1,11/11/2024 0:00,Not worth the price paid.
C00009,Website,5,12/23/2024 0:00,Outstanding customer support team.
C00344,Social Media,3,12/5/2024 0:00,N/A
C00129,Social Media,3,12/11/2024 0:00,"Not bad, not great either."
C00492,Email,5,12/29/2024 0:00,Best shopping experience I've had in a while! Response time could be faster.
C00136,,3,11/14/2024 0:00,Product meets basic expectations. Quick response on social media.
C00472,Email,4,11/30/2024 0:00,Best shopping experience I've had in a while!
C00063,Social Media,5,12/11/2024 0:00,Very professional and efficient service.
C00139,Email,1,11/4/2024 0:00,Poor communication from the team. Response time could be faster.
C00499,Email,99,12/29/2024 0:00,Very professional and efficient service. Response time could be faster.
C00081,Email,5,11/4/2024 0:00,Very professional and efficient service.
C00392,Social Media,2,11/28/2024 0:00,Not worth the price paid.
C00163,Social Media,5,11/8/2024 0:00,Very professional and efficient service.
C00419,Social Media,4,11/2/2024 0:00,Very professional and efficient service.
C00289,Email,4,12/11/2024 0:00,The product exceeded my expectations. Will buy again! Response time could be faster.
C00379,Social Media,4,12/16/2024 0:00,Very professional and efficient service.
C00261,Social Media,3,11/22/2024 0:00,Product meets basic expectations. Quick response on social media.
C00490,Email,5,12/11/2024 0:00,Very professional and efficient service.
C00231,Survey,5,2024/26/12,Best shopping experience I've had in a while! Thanks for the survey follow-up.
C00041,Email,4,12/25/2024 0:00,Great value for money. Highly recommended!
C00028,Social Media,5,11/16/2024 0:00,Very professional and efficient service. Quick response on social media.
,Email,4,11/29/2024 0:00,Outstanding customer support team. Response time could be faster.
C00201,Survey,4,12/19/2024 0:00,
C00328,,4,12/18/2024 0:00,Very professional and efficient service. Response time could be faster.
,Social Media,4,11/30/2024 0:00,Best shopping experience I've had in a while! Quick response on social media.
C00418,Survey,4,11/12/2024 0:00,Really happy with the quality and delivery time.
C00033,Invalid,99,12/5/2024 0:00,Best shopping experience I've had in a while!
C00048,Survey,4,11/11/2024 0:00,Outstanding customer support team. Thanks for the survey follow-up.
C00407,Survey,1,12/16/2024 0:00,Need to improve product quality. Thanks for the survey follow-up.
C00062,,2,12/20/2024 0:00,Disappointed with the service quality.
C00216,Email,4,2024/21/11,Excellent service! Very satisfied with my purchase.
,Social Media,5,2024/21/11,Outstanding customer support team.
C00099,Email,4,11/5/2024 0:00,Best shopping experience I've had in a while!
C00172,Email,4,12/18/2024 0:00,The product exceeded my expectations. Will buy again!
C00360,Survey,4,11/20/2024 0:00,Outstanding customer support team.
,Email,4,12/7/2024 0:00,Great value for money. Highly recommended!
C00475,Survey,3,11/3/2024 0:00,Average service quality.
C00035,Survey,4,12/14/2024 0:00,Really happy with the quality and delivery time.
C00449,Survey,5,12/3/2024 0:00,Very professional and efficient service. Thanks for the survey follow-up.
C00227,Social Media,5,12/23/2024 0:00,Excellent service! Very satisfied with my purchase.
C00101,Social Media,4,11/9/2024 0:00,Really happy with the quality and delivery time.
C00431,Social Media,1,11/9/2024 0:00,Long waiting times for customer support.
C00462,Survey,2,11/4/2024 0:00,Need to improve product quality.
C00131,Social Media,1,12/5/2024 0:00,Long waiting times for customer support.
C00257,Social Media,4,11/17/2024 0:00,The product exceeded my expectations. Will buy again!
C00005,Email,3,12/4/2024 0:00,Satisfactory purchase experience.
C00218,Social Media,4,11/24/2024 0:00,Excellent service! Very satisfied with my purchase.
C00255,Social Media,4,12/2/2024 0:00,Really happy with the quality and delivery time. Quick response on social media.
C00398,Survey,1,11/1/2024 0:00,Long waiting times for customer support.
C00359,Survey,4,11/8/2024 0:00,Best shopping experience I've had in a while!
C00283,Survey,,12/15/2024 0:00,"Service was okay, nothing special. Thanks for the survey follow-up."
C00393,Survey,4,11/23/2024 0:00,N/A
C00207,Survey,3,12/17/2024 0:00,Decent experience overall.
C00015,Survey,5,12/10/2024 0:00,
C00346,Social Media,2,11/12/2024 0:00,Would not recommend to others.
C00042,Survey,5,12/24/2024 0:00,
C00380,Survey,4,11/12/2024 0:00,Very professional and efficient service. Thanks for the survey follow-up.
C00461,Email,5,12/16/2024 0:00,The product exceeded my expectations. Will buy again! Response time could be faster.
C00179,Social Media,4,12/17/2024 0:00,The product exceeded my expectations. Will buy again! Quick response on social media.
C00063,Social Media,5,2024/15/11,Very professional and efficient service. Quick response on social media.
C00352,Social Media,5,12/11/2024 0:00,Really happy with the quality and delivery time. Quick response on social media.
C00231,Survey,4,11/19/2024 0:00,Really happy with the quality and delivery time.
C00241,Survey,4,11/26/2024 0:00,Outstanding customer support team.
C00052,Survey,4,12/22/2024 0:00,Best shopping experience I've had in a while!
C00096,Invalid,4,11/29/2024 0:00,Outstanding customer support team. Response time could be faster.
C00388,Survey,1,11/22/2024 0:00,Poor communication from the team.
C00222,Email,3,12/10/2024 0:00,Product meets basic expectations. Response time could be faster.
C00485,Social Media,4,11/21/2024 0:00,Excellent service! Very satisfied with my purchase.
C00407,Invalid,4,12/21/2024 0:00,Outstanding customer support team. Thanks for the survey follow-up.
C00231,Email,5,12/8/2024 0:00,Outstanding customer support team.
C00237,Email,4,11/20/2024 0:00,
C00143,Survey,5,12/27/2024 0:00,The product exceeded my expectations. Will buy again!
C00171,Social Media,0,11/29/2024 0:00,Product meets basic expectations. Quick response on social media.
C00029,Social Media,3,12/21/2024 0:00,"Not bad, not great either. Quick response on social media."
C00036,Social Media,3,11/4/2024 0:00,Could use some improvements but generally fine.
C00013,Email,4,12/25/2024 0:00,The product exceeded my expectations. Will buy again! Response time could be faster.
C00160,Email,5,11/7/2024 0:00,Very professional and efficient service.
C00327,Email,3,11/28/2024 0:00,Average service quality.
C00187,Email,5,11/28/2024 0:00,Great value for money. Highly recommended!
C00243,Social Media,4,,Very professional and efficient service. Quick response on social media.
C00086,Survey,4,11/22/2024 0:00,Excellent service! Very satisfied with my purchase.
C00284,Email,4,11/12/2024 0:00,Outstanding customer support team.
,Email,3,12/15/2024 0:00,"Not bad, not great either."
C00170,Social Media,0,11/3/2024 0:00,Excellent service! Very satisfied with my purchase.
C00045,Survey,4,11/22/2024 0:00,Outstanding customer support team.
C00062,Survey,1,12/14/2024 0:00,Need to improve product quality.
C00441,Social Media,,11/2/2024 0:00,The product exceeded my expectations. Will buy again!
C00134,Social Media,1,11/24/2024 0:00,Not worth the price paid.
C00284,Survey,4,12/4/2024 0:00,Best shopping experience I've had in a while!
C999999,Email,4,11/27/2024 0:00,Very professional and efficient service. Response time could be faster.
C00108,Survey,4,12/25/2024 0:00,Really happy with the quality and delivery time.
C00044,Social Media,4,12/11/2024 0:00,Excellent service! Very satisfied with my purchase.
C00340,Email,1,11/1/2024 0:00,Poor communication from the team.
C00286,Email,4,11/8/2024 0:00,The product exceeded my expectations. Will buy again!
C00446,Social Media,3,11/23/2024 0:00,Average service quality.
C00331,Social Media,3,12/8/2024 0:00,
C00128,Social Media,5,11/6/2024 0:00,Really happy with the quality and delivery time.
C00348,Survey,1,11/22/2024 0:00,Need to improve product quality.
C00473,,4,11/25/2024 0:00,The product exceeded my expectations. Will buy again!
C00231,Email,4,11/18/2024 0:00,Great value for money. Highly recommended!
,Social Media,3,11/17/2024 0:00,Decent experience overall.
C00225,Email,3,11/12/2024 0:00,Could use some improvements but generally fine.
C00385,Email,3,11/6/2024 0:00,Product meets basic expectations. Response time could be faster.
C00377,Email,5,11/26/2024 0:00,Really happy with the quality and delivery time.
C00283,Email,4,11/27/2024 0:00,The product exceeded my expectations. Will buy again!
C00446,Social Media,3,8/11/2024,"Not bad, not great either. Quick response on social media."
C00121,Email,4,11/19/2024 0:00,Outstanding customer support team.
C00116,Social Media,4,12/30/2024 0:00,Very professional and efficient service.
C00461,Social Media,2,12/12/2024 0:00,Poor communication from the team.
C00233,Survey,0,11/1/2024 0:00,
C00259,Social Media,4,12/27/2024 0:00,Excellent service! Very satisfied with my purchase.
C00359,Survey,5,11/29/2024 0:00,Best shopping experience I've had in a while! Thanks for the survey follow-up.
C00198,Social Media,3,12/15/2024 0:00,Decent experience overall. Quick response on social media.
C00456,Social Media,3,12/19/2024 0:00,Average service quality.
C00411,Social Media,3,12/5/2024 0:00,Could use some improvements but generally fine.
,,4,,
C00318,Survey,3,11/14/2024 0:00,Product meets basic expectations. Thanks for the survey follow-up.
C00165,Email,4,12/5/2024 0:00,...
C00225,Survey,5,12/18/2024 0:00,Excellent service! Very satisfied with my purchase.
C00307,,5,12/15/2024 0:00,Very professional and efficient service.
C00234,Survey,4,11/20/2024 0:00,Great value for money. Highly recommended! Thanks for the survey follow-up.
C00172,Survey,5,12/26/2024 0:00,Outstanding customer support team.
C00152,Email,4,12/19/2024 0:00,The product exceeded my expectations. Will buy again! Response time could be faster.
C00463,Survey,4,11/13/2024 0:00,Outstanding customer support team. Thanks for the survey follow-up.
C00315,Social Media,1,12/8/2024 0:00,Disappointed with the service quality.
C00374,Social Media,5,12/19/2024 0:00,Excellent service! Very satisfied with my purchase. Quick response on social media.
C00160,Survey,2,2024/16/12,Poor communication from the team.
C00096,Survey,3,12/19/2024 0:00,"Not bad, not great either. Thanks for the survey follow-up."
C00472,Social Media,1,11/8/2024 0:00,Disappointed with the service quality. Quick response on social media.
C00233,Social Media,4,2024/13/12,Outstanding customer support team.
C00180,Email,3,11/20/2024 0:00,Average service quality.
C00113,,2,12/30/2024 0:00,Need to improve product quality.
C00318,Social Media,1,,Poor communication from the team. Quick response on social media.
C00497,Survey,2,11/26/2024 0:00,Not worth the price paid. Thanks for the survey follow-up.
C00442,Social Media,99,12/9/2024 0:00,Outstanding customer support team.
C00052,Email,4,11/21/2024 0:00,Outstanding customer support team.
C00268,Social Media,3,12/23/2024 0:00,"Service was okay, nothing special."
C00295,Survey,,12/19/2024 0:00,Great value for money. Highly recommended!
C00386,Survey,4,12/12/2024 0:00,
C00387,Social Media,1,12/13/2024 0:00,Product didn't meet expectations.
C00113,Survey,3,12/24/2024 0:00,Satisfactory purchase experience.
C00101,Email,5,12/11/2024 0:00,Excellent service! Very satisfied with my purchase.
C00113,Email,4,,The product exceeded my expectations. Will buy again! Response time could be faster.
C00440,Social Media,3,11/24/2024 0:00,Could use some improvements but generally fine. Quick response on social media.
C00081,Social Media,4,12/7/2024 0:00,Really happy with the quality and delivery time. Quick response on social media.
C00187,Social Media,3,12/19/2024 0:00,
C00113,Survey,4,12/11/2024 0:00,Really happy with the quality and delivery time.
C00002,Website,2,11/17/2024 0:00,Poor communication from the team.
C00130,Email,2,11/24/2024 0:00,Long waiting times for customer support. Response time could be faster.
C00220,Survey,2,11/21/2024 0:00,Product didn't meet expectations. Thanks for the survey follow-up.
C00054,Email,5,,Really happy with the quality and delivery time.
C00343,Social Media,5,2024/29/12,Excellent service! Very satisfied with my purchase.
C00485,Social Media,2,12/9/2024 0:00,Product didn't meet expectations.
C00224,Social Media,2,12/25/2024 0:00,Disappointed with the service quality.
C00225,Email,5,12/11/2024 0:00,The product exceeded my expectations. Will buy again! Response time could be faster.
C00385,Social Media,2,12/9/2024 0:00,Product didn't meet expectations. Quick response on social media.
C00403,Survey,3,11/13/2024 0:00,Could use some improvements but generally fine.
C00126,Survey,5,11/11/2024 0:00,Really happy with the quality and delivery time.
C00130,,3,12/16/2024 0:00,Average service quality.
C00053,Survey,,11/19/2024 0:00,Great value for money. Highly recommended! Thanks for the survey follow-up.
C00172,Survey,5,11/11/2024 0:00,The product exceeded my expectations. Will buy again! Thanks for the survey follow-up.
C00218,Email,3,11/13/2024 0:00,Decent experience overall. Response time could be faster.
C00160,Social Media,1,12/16/2024 0:00,Long waiting times for customer support.
C00198,,3,2024/15/12,"Service was okay, nothing special."
C00416,Invalid,5,11/1/2024 0:00,Excellent service! Very satisfied with my purchase.
C00247,Email,5,12/10/2024 0:00,
C00324,Survey,5,12/14/2024 0:00,The product exceeded my expectations. Will buy again!
C00439,Social Media,2,11/19/2024 0:00,Disappointed with the service quality.
C00203,Social Media,5,11/12/2024 0:00,Excellent service! Very satisfied with my purchase.
C00184,Email,5,11/8/2024 0:00,Very professional and efficient service.
C00123,Social Media,4,11/8/2024 0:00,The product exceeded my expectations. Will buy again! Quick response on social media.
C00401,Email,5,12/23/2024 0:00,Best shopping experience I've had in a while!
C00255,Survey,5,12/15/2024 0:00,Excellent service! Very satisfied with my purchase.
C00294,Email,4,11/12/2024 0:00,Best shopping experience I've had in a while!
C00280,Email,4,12/18/2024 0:00,Really happy with the quality and delivery time.
C00325,,3,12/3/2024 0:00,Could use some improvements but generally fine. Response time could be faster.
C00372,Email,2,2024/15/12,Long waiting times for customer support.
C00098,Survey,,11/26/2024 0:00,Outstanding customer support team.
C00198,Survey,3,12/9/2024 0:00,Could use some improvements but generally fine.
C00470,Social Media,5,11/28/2024 0:00,Outstanding customer support team. Quick response on social media.
C00395,Survey,5,12/28/2024 0:00,Really happy with the quality and delivery time.
C00240,Survey,5,11/5/2024 0:00,The product exceeded my expectations. Will buy again! Thanks for the survey follow-up.
C00144,Social Media,1,11/8/2024 0:00,Long waiting times for customer support.
C00097,Survey,3,11/25/2024 0:00,
C00201,Email,2,11/27/2024 0:00,Poor communication from the team. Response time could be faster.
C00124,Email,4,12/16/2024 0:00,Really happy with the quality and delivery time.
INVALID,Social Media,5,11/23/2024 0:00,Great value for money. Highly recommended! Quick response on social media.
C00326,Social Media,5,11/30/2024 0:00,Great value for money. Highly recommended!
C00464,Social Media,4,12/15/2024 0:00,Great value for money. Highly recommended!
C00349,Email,5,2024/17/12,Great value for money. Highly recommended! Response time could be faster.
C00259,Survey,5,11/23/2024 0:00,The product exceeded my expectations. Will buy again! Thanks for the survey follow-up.
C00148,Email,3,12/19/2024 0:00,Could use some improvements but generally fine.
C00252,Social Media,,2024/17/12,Best shopping experience I've had in a while! Quick response on social media.
C00443,Survey,3,11/20/2024 0:00,Satisfactory purchase experience.
TEST123,Survey,99,11/18/2024 0:00,Average service quality. Thanks for the survey follow-up.
C00403,Email,4,11/18/2024 0:00,Great value for money. Highly recommended!
C00346,Social Media,3,11/2/2024 0:00,Product meets basic expectations. Quick response on social media.
C00451,Email,4,11/4/2024 0:00,Really happy with the quality and delivery time.
C00147,Survey,4,11/30/2024 0:00,Great value for money. Highly recommended! Thanks for the survey follow-up.
C00148,Email,4,12/3/2024 0:00,
C00352,Email,3,12/6/2024 0:00,Average service quality.
C00199,Social Media,4,11/18/2024 0:00,Best shopping experience I've had in a while!
C00308,Social Media,4,12/7/2024 0:00,Best shopping experience I've had in a while!
C00489,Survey,4,,Excellent service! Very satisfied with my purchase.
C00417,Email,4,12/17/2024 0:00,Outstanding customer support team.
C00424,Email,1,11/28/2024 0:00,Would not recommend to others.
C00128,Email,4,12/10/2024 0:00,Very professional and efficient service.
C00039,Survey,2,11/20/2024 0:00,Need to improve product quality.
C00338,Survey,4,12/19/2024 0:00,Very professional and efficient service.
TEST123,Social Media,5,12/3/2024 0:00,Excellent service! Very satisfied with my purchase.
C00129,Social Media,4,11/12/2024 0:00,Outstanding customer support team.
C00267,Social Media,4,12/28/2024 0:00,Really happy with the quality and delivery time.
C00476,Email,5,12/21/2024 0:00,The product exceeded my expectations. Will buy again!
C00441,Email,5,,Great value for money. Highly recommended! Response time could be faster.
C00473,Social Media,5,12/11/2024 0:00,Outstanding customer support team.
C00434,Email,5,12/9/2024 0:00,Best shopping experience I've had in a while!
C00151,Social Media,,11/2/2024 0:00,Disappointed with the service quality.
C00415,Survey,2,11/29/2024 0:00,Long waiting times for customer support. Thanks for the survey follow-up.
C00478,Social Media,4,12/11/2024 0:00,Great value for money. Highly recommended!
C00298,Survey,3,11/10/2024 0:00,Decent experience overall.
C00099,Email,4,11/2/2024 0:00,Great value for money. Highly recommended!
C00263,Social Media,-1,12/21/2024 0:00,Could use some improvements but generally fine.
C00252,Email,4,11/11/2024 0:00,Really happy with the quality and delivery time.
C00144,Survey,5,11/13/2024 0:00,The product exceeded my expectations. Will buy again!
C00346,Survey,5,11/10/2024 0:00,Best shopping experience I've had in a while!
C00112,Survey,4,11/14/2024 0:00,
C00500,Email,5,11/18/2024 0:00,Really happy with the quality and delivery time. Response time could be faster.
C00060,Email,4,12/21/2024 0:00,Outstanding customer support team.
C00369,Email,5,12/24/2024 0:00,The product exceeded my expectations. Will buy again! Response time could be faster.
C00002,Email,1,11/9/2024 0:00,Disappointed with the service quality. Response time could be faster.
C00385,Survey,5,12/27/2024 0:00,Excellent service! Very satisfied with my purchase. Thanks for the survey follow-up.
C00304,Survey,4,12/9/2024 0:00,Great value for money. Highly recommended!
C00254,Social Media,3,11/28/2024 0:00,Could use some improvements but generally fine.
C00140,Social Media,2,,Need to improve product quality. Quick response on social media.
C00453,Email,4,11/20/2024 0:00,Great value for money. Highly recommended!
C00037,Survey,2,11/6/2024 0:00,Poor communication from the team.
C00160,Survey,,11/27/2024 0:00,Poor communication from the team.
C00009,Survey,4,12/23/2024 0:00,Great value for money. Highly recommended!
,Social Media,4,,Very professional and efficient service. Quick response on social media.
C00099,Social Media,4,11/29/2024 0:00,Best shopping experience I've had in a while! Quick response on social media.
C00147,Survey,5,12/8/2024 0:00,Very professional and efficient service.
C00304,Survey,4,11/3/2024 0:00,Excellent service! Very satisfied with my purchase.
C00208,Survey,4,11/16/2024 0:00,Excellent service! Very satisfied with my purchase.
C00131,Social Media,1,11/30/2024 0:00,Poor communication from the team.
C00404,Survey,5,12/10/2024 0:00,Excellent service! Very satisfied with my purchase.
C00152,Survey,3,11/2/2024 0:00,Average service quality. Thanks for the survey follow-up.
C00054,Email,5,11/17/2024 0:00,Very professional and efficient service.
C00120,Email,5,12/11/2024 0:00,Very professional and efficient service.
C00161,Social Media,4,11/12/2024 0:00,Best shopping experience I've had in a while!
,Survey,2,5/12/2024,Disappointed with the service quality.
C00116,Survey,,12/13/2024 0:00,The product exceeded my expectations. Will buy again!
C00075,Email,,11/1/2024 0:00,Great value for money. Highly recommended! Response time could be faster.
C00113,Social Media,2,12/25/2024 0:00,Would not recommend to others. Quick response on social media.
C00456,Email,3,12/15/2024 0:00,Satisfactory purchase experience.
C00420,Email,5,11/15/2024 0:00,Best shopping experience I've had in a while!
C00422,Email,2,11/26/2024 0:00,Poor communication from the team.
C00104,Email,5,12/7/2024 0:00,Really happy with the quality and delivery time.
C00340,Survey,4,11/21/2024 0:00,Outstanding customer support team.
C00254,Survey,,12/19/2024 0:00,Long waiting times for customer support. Thanks for the survey follow-up.
C00227,Email,5,12/1/2024 0:00,Very professional and efficient service.
C00112,Social Media,3,11/25/2024 0:00,"Not bad, not great either. Quick response on social media."
C00473,Social Media,4,11/23/2024 0:00,Really happy with the quality and delivery time.
C00099,Social Media,2,11/24/2024 0:00,Need to improve product quality.
C00153,Social Media,1,,Need to improve product quality. Quick response on social media.
C00349,Email,4,12/8/2024 0:00,Very professional and efficient service.
C00402,Survey,4,11/28/2024 0:00,Outstanding customer support team. Thanks for the survey follow-up.
,Social Media,4,11/21/2024 0:00,Great value for money. Highly recommended!
C00366,Email,5,12/24/2024 0:00,Really happy with the quality and delivery time.
C00338,Social Media,4,12/13/2024 0:00,Great value for money. Highly recommended!
C00194,Social Media,2,2024/18/11,Disappointed with the service quality.
C00310,Phone,3,12/6/2024 0:00,Could use some improvements but generally fine.
C00163,Survey,5,12/5/2024 0:00,Best shopping experience I've had in a while!
C00208,Survey,5,12/15/2024 0:00,Great value for money. Highly recommended! Thanks for the survey follow-up.
C00445,Email,4,12/25/2024 0:00,The product exceeded my expectations. Will buy again! Response time could be faster.
C00169,Survey,3,11/9/2024 0:00,Product meets basic expectations. Thanks for the survey follow-up.
,Email,3,12/23/2024 0:00,Satisfactory purchase experience. Response time could be faster.
C00161,Email,5,12/8/2024 0:00,Very professional and efficient service.
C00068,Email,5,12/28/2024 0:00,Best shopping experience I've had in a while!
C00289,Survey,4,11/30/2024 0:00,Excellent service! Very satisfied with my purchase. Thanks for the survey follow-up.
C00398,Email,5,,Outstanding customer support team.
,Social Media,5,12/14/2024 0:00,Outstanding customer support team.
C00304,Survey,2,12/4/2024 0:00,Not worth the price paid.
C00404,Survey,4,12/2/2024 0:00,Excellent service! Very satisfied with my purchase.
,Survey,10,11/3/2024 0:00,Not worth the price paid.
C00392,Survey,3,11/3/2024 0:00,Decent experience overall.
C00135,Social Media,5,11/28/2024 0:00,Great value for money. Highly recommended!
C00195,Survey,4,12/14/2024 0:00,Very professional and efficient service. Thanks for the survey follow-up.
C00401,Survey,,11/15/2024 0:00,Really happy with the quality and delivery time.
C00128,,2,12/11/2024 0:00,Would not recommend to others. Response time could be faster.
C00033,Survey,3,11/23/2024 0:00,Satisfactory purchase experience. Thanks for the survey follow-up.
C00176,Social Media,3,12/10/2024 0:00,Could use some improvements but generally fine.
C00460,Social Media,3,11/11/2024 0:00,Satisfactory purchase experience. Quick response on social media.
C00443,Social Media,4,,Best shopping experience I've had in a while!
C00371,Social Media,3,12/2/2024 0:00,"Service was okay, nothing special. Quick response on social media."
C00470,Survey,4,12/28/2024 0:00,Outstanding customer support team. Thanks for the survey follow-up.
C00375,Survey,1,12/29/2024 0:00,Would not recommend to others. Thanks for the survey follow-up.
C00022,Social Media,10,12/27/2024 0:00,Would not recommend to others. Quick response on social media.
C00238,Invalid,3,12/24/2024 0:00,
C00158,Survey,4,12/6/2024 0:00,The product exceeded my expectations. Will buy again!
C00038,,4,2024/30/12,Outstanding customer support team.
C00230,Email,4,12/3/2024 0:00,The product exceeded my expectations. Will buy again!
,Social Media,4,11/24/2024 0:00,Great value for money. Highly recommended!
C00051,Social Media,5,12/9/2024 0:00,Very professional and efficient service.
C00438,Email,1,12/4/2024 0:00,Disappointed with the service quality.
C00264,Email,3,12/26/2024 0:00,"Service was okay, nothing special."
C00283,Survey,5,11/28/2024 0:00,Outstanding customer support team.
C00027,Survey,4,12/7/2024 0:00,The product exceeded my expectations. Will buy again!
,Email,3,11/7/2024 0:00,Satisfactory purchase experience.
C00277,Email,5,11/4/2024 0:00,...
C00286,Survey,5,12/7/2024 0:00,Excellent service! Very satisfied with my purchase. Thanks for the survey follow-up.
C00097,Social Media,3,12/26/2024 0:00,Average service quality. Quick response on social media.
C00284,Email,4,11/1/2024 0:00,Really happy with the quality and delivery time.
C00367,Survey,4,11/1/2024 0:00,Great value for money. Highly recommended! Thanks for the survey follow-up.
C00448,Social Media,4,,Excellent service! Very satisfied with my purchase.
C00481,Email,3,2024/20/11,Decent experience overall.
C00453,Social Media,3,11/19/2024 0:00,Could use some improvements but generally fine.
C00317,Survey,4,11/29/2024 0:00,Best shopping experience I've had in a while!
C00304,Email,4,11/10/2024 0:00,N/A
C00147,Social Media,5,12/30/2024 0:00,Excellent service! Very satisfied with my purchase. Quick response on social media.
C00004,Email,4,,Excellent service! Very satisfied with my purchase.
C00035,Social Media,1,11/28/2024 0:00,Would not recommend to others. Quick response on social media.
C00192,Survey,4,12/5/2024 0:00,Excellent service! Very satisfied with my purchase.
,Survey,3,12/13/2024 0:00,Decent experience overall.
C00017,Email,4,12/17/2024 0:00,Really happy with the quality and delivery time.
C00172,Social Media,4,12/1/2024 0:00,Excellent service! Very satisfied with my purchase. Quick response on social media.
C00220,Email,3,11/27/2024 0:00,"Service was okay, nothing special."
C00158,Email,4,11/11/2024 0:00,Great value for money. Highly recommended!
C00477,Social Media,2,12/19/2024 0:00,Product didn't meet expectations.
C00046,Social Media,1,12/19/2024 0:00,Would not recommend to others.
C00373,Social Media,3,12/8/2024 0:00,"Not bad, not great either."
C00006,Survey,3,11/5/2024 0:00,Decent experience overall.
C00099,Email,5,11/8/2024 0:00,Very professional and efficient service. Response time could be faster.
C00380,Email,4,12/4/2024 0:00,Excellent service! Very satisfied with my purchase. Response time could be faster.
C00233,Survey,3,12/18/2024 0:00,"Not bad, not great either."
INVALID,Social Media,4,12/22/2024 0:00,Great value for money. Highly recommended! Quick response on social media.
C00280,Survey,1,12/26/2024 0:00,Product didn't meet expectations.
C00349,Survey,5,11/12/2024 0:00,Great value for money. Highly recommended!
C00497,,4,12/8/2024 0:00,Best shopping experience I've had in a while! Thanks for the survey follow-up.
C00302,Email,5,11/1/2024 0:00,Very professional and efficient service.
C00181,Survey,2,12/1/2024 0:00,Disappointed with the service quality.
C00095,Email,4,11/4/2024 0:00,Excellent service! Very satisfied with my purchase. Response time could be faster.
C00099,Email,4,2024/19/12,The product exceeded my expectations. Will buy again! Response time could be faster.
C00188,XXX,5,,Outstanding customer support team.
C00481,Social Media,1,12/20/2024 0:00,Disappointed with the service quality. Quick response on social media.
TEST123,Email,3,11/5/2024 0:00,Could use some improvements but generally fine.
C00191,Email,5,,Excellent service! Very satisfied with my purchase.
C00253,Social Media,4,12/26/2024 0:00,Best shopping experience I've had in a while!
C00469,Email,3,11/24/2024 0:00,Satisfactory purchase experience.
C00416,Survey,2,12/29/2024 0:00,Not worth the price paid.
C00471,Survey,5,11/3/2024 0:00,
C00161,Email,,11/11/2024 0:00,Need to improve product quality.
C00256,Social Media,5,12/15/2024 0:00,N/A
C00323,Survey,5,11/4/2024 0:00,
C00128,Social Media,3,11/26/2024 0:00,"Service was okay, nothing special."
C00018,,4,11/27/2024 0:00,Great value for money. Highly recommended!
C00281,Survey,1,12/16/2024 0:00,Disappointed with the service quality.
,Social Media,3,12/24/2024 0:00,Average service quality.
C00223,Survey,5,12/13/2024 0:00,Great value for money. Highly recommended!
C00054,Social Media,5,11/27/2024 0:00,Best shopping experience I've had in a while! Quick response on social media.
C00058,,4,12/12/2024 0:00,Great value for money. Highly recommended!
C00323,Email,4,12/21/2024 0:00,Excellent service! Very satisfied with my purchase.
C00360,Survey,2,12/20/2024 0:00,Disappointed with the service quality.
C00174,Survey,1,11/6/2024 0:00,Long waiting times for customer support.
C00280,Survey,-1,12/29/2024 0:00,Product didn't meet expectations.
C00114,Survey,3,11/15/2024 0:00,"Not bad, not great either."
C00288,Social Media,3,12/23/2024 0:00,Average service quality.
C00431,Email,3,2024/30/11,
C00342,Survey,3,12/12/2024 0:00,Product meets basic expectations.
C00151,,3,12/7/2024 0:00,"Service was okay, nothing special."
C00450,Email,4,12/28/2024 0:00,Outstanding customer support team.
C00127,Website,5,12/7/2024 0:00,Outstanding customer support team.
C00155,Email,3,12/12/2024 0:00,Average service quality.
C00490,Email,5,12/30/2024 0:00,Outstanding customer support team. Response time could be faster.
C00386,Survey,5,12/7/2024 0:00,Very professional and efficient service.
C00474,Survey,2,12/5/2024 0:00,Product didn't meet expectations.
C00273,Social Media,5,11/23/2024 0:00,Excellent service! Very satisfied with my purchase. Quick response on social media.
C00104,Social Media,4,11/6/2024 0:00,Very professional and efficient service. Quick response on social media.
C00417,Social Media,4,11/4/2024 0:00,The product exceeded my expectations. Will buy again! Quick response on social media.
C00393,Email,3,11/18/2024 0:00,Could use some improvements but generally fine.
C00299,Email,4,12/30/2024 0:00,Great value for money. Highly recommended! Response time could be faster.
C00246,Survey,3,11/9/2024 0:00,Average service quality.
C00176,Email,4,12/19/2024 0:00,Outstanding customer support team. Response time could be faster.
C00039,,4,11/29/2024 0:00,Best shopping experience I've had in a while!
C00477,Email,4,11/13/2024 0:00,Outstanding customer support team. Response time could be faster.
C00170,Social Media,4,12/29/2024 0:00,Very professional and efficient service.
C00247,Social Media,5,12/17/2024 0:00,Excellent service! Very satisfied with my purchase.
C00026,Survey,,12/22/2024 0:00,Disappointed with the service quality.
C00355,Email,3,11/17/2024 0:00,"Service was okay, nothing special."
C00306,,5,12/15/2024 0:00,Outstanding customer support team. Response time could be faster.
C00409,Survey,3,12/2/2024 0:00,Could use some improvements but generally fine. Thanks for the survey follow-up.
C00408,Website,1,12/18/2024 0:00,Disappointed with the service quality.
C00013,Email,2,11/22/2024 0:00,Poor communication from the team.
C00316,Social Media,3,11/4/2024 0:00,Decent experience overall.
C00391,Survey,5,11/5/2024 0:00,Very professional and efficient service. Thanks for the survey follow-up.
,Survey,4,12/7/2024 0:00,Best shopping experience I've had in a while!
C0,Survey,5,12/11/2024 0:00,Very professional and efficient service.
C00173,Survey,,12/19/2024 0:00,Outstanding customer support team.
C00020,Social Media,4,11/13/2024 0:00,Outstanding customer support team.
C00321,Social Media,3,12/4/2024 0:00,Average service quality.
C00264,Email,4,12/15/2024 0:00,Outstanding customer support team.
C00494,Email,2,11/22/2024 0:00,Long waiting times for customer support. Response time could be faster.
C00400,Email,5,12/23/2024 0:00,The product exceeded my expectations. Will buy again! Response time could be faster.
C00142,Email,5,12/29/2024 0:00,Excellent service! Very satisfied with my purchase.
C00460,Social Media,3,11/23/2024 0:00,Average service quality. Quick response on social media.
C00371,Survey,5,12/21/2024 0:00,Great value for money. Highly recommended!
C00471,Social Media,5,11/3/2024 0:00,Really happy with the quality and delivery time.
,Email,4,12/12/2024 0:00,Really happy with the quality and delivery time. Response time could be faster.
C999999,Social Media,2,12/4/2024 0:00,Would not recommend to others.
C00354,Survey,4,12/2/2024 0:00,The product exceeded my expectations. Will buy again! Thanks for the survey follow-up.
C00322,Survey,4,12/15/2024 0:00,Very professional and efficient service.
C00288,Social Media,3,12/21/2024 0:00,Decent experience overall.
C00215,Phone,1,12/28/2024 0:00,Disappointed with the service quality.
C00447,Social Media,5,12/19/2024 0:00,Best shopping experience I've had in a while!
C00342,Email,2,11/21/2024 0:00,Would not recommend to others.
C00051,Social Media,4,12/16/2024 0:00,Very professional and efficient service.
C00153,Social Media,5,,Great value for money. Highly recommended!
C00186,Social Media,5,11/21/2024 0:00,Outstanding customer support team.
C00063,Survey,3,12/14/2024 0:00,Product meets basic expectations.
C00190,Survey,5,11/11/2024 0:00,Great value for money. Highly recommended!
C00125,Email,1,12/9/2024 0:00,Long waiting times for customer support. Response time could be faster.
C00150,Email,1,11/4/2024 0:00,Long waiting times for customer support.
C00314,Survey,4,12/21/2024 0:00,The product exceeded my expectations. Will buy again! Thanks for the survey follow-up.
C00058,Survey,3,11/1/2024 0:00,Average service quality.
C00342,Survey,3,11/28/2024 0:00,Average service quality.
C00305,,4,11/24/2024 0:00,
C00180,Social Media,2,12/5/2024 0:00,Disappointed with the service quality.
C00170,Survey,3,11/13/2024 0:00,Average service quality. Thanks for the survey follow-up.
C00326,Social Media,4,12/17/2024 0:00,Very professional and efficient service. Quick response on social media.
C00271,Social Media,5,12/4/2024 0:00,Best shopping experience I've had in a while!
C00054,Email,4,11/11/2024 0:00,Outstanding customer support team. Response time could be faster.
C00491,Invalid,3,12/6/2024 0:00,Could use some improvements but generally fine.
C00444,Survey,4,12/21/2024 0:00,Outstanding customer support team.
C00101,Social Media,2,11/17/2024 0:00,Need to improve product quality.
C00481,Survey,1,12/5/2024 0:00,Disappointed with the service quality.
C00264,Email,5,12/30/2024 0:00,Very professional and efficient service. Response time could be faster.
C00053,Email,3,11/18/2024 0:00,"Service was okay, nothing special. Response time could be faster."
C00060,Email,2,12/10/2024 0:00,Poor communication from the team.
C00492,Survey,4,11/22/2024 0:00,Excellent service! Very satisfied with my purchase.
C00108,Survey,4,12/27/2024 0:00,Really happy with the quality and delivery time. Thanks for the survey follow-up.
C00005,Survey,4,11/24/2024 0:00,Very professional and efficient service.
C00103,Survey,3,12/28/2024 0:00,Could use some improvements but generally fine.
C00196,Survey,3,11/19/2024 0:00,Satisfactory purchase experience. Thanks for the survey follow-up.
C00262,Email,3,,Decent experience overall. Response time could be faster.
C00365,Social Media,2,12/9/2024 0:00,Disappointed with the service quality. Quick response on social media.
C00480,Email,4,11/21/2024 0:00,Very professional and efficient service. Response time could be faster.
C00372,Survey,5,11/8/2024 0:00,The product exceeded my expectations. Will buy again!
C00350,Email,5,11/28/2024 0:00,Excellent service! Very satisfied with my purchase.
C00047,Survey,10,11/5/2024 0:00,Outstanding customer support team.
C00355,Survey,4,11/17/2024 0:00,Very professional and efficient service.
C00311,Email,4,12/7/2024 0:00,Best shopping experience I've had in a while!
C00424,,3,,Decent experience overall.
C00308,Social Media,4,12/24/2024 0:00,The product exceeded my expectations. Will buy again! Quick response on social media.
C00144,Survey,4,11/19/2024 0:00,Very professional and efficient service.
,Social Media,2,11/27/2024 0:00,Would not recommend to others.
C00370,Social Media,3,12/23/2024 0:00,"Not bad, not great either. Quick response on social media."
C00124,,,12/4/2024 0:00,Really happy with the quality and delivery time.
C00106,Email,3,11/11/2024 0:00,"Service was okay, nothing special."
C00158,Social Media,2,12/24/2024 0:00,Poor communication from the team. Quick response on social media.
C00147,Email,4,12/15/2024 0:00,Really happy with the quality and delivery time. Response time could be faster.
C00145,Social Media,5,12/17/2024 0:00,Very professional and efficient service.
C00120,Survey,4,11/12/2024 0:00,Great value for money. Highly recommended!
C999999,Survey,4,12/24/2024 0:00,Great value for money. Highly recommended!
C00275,Social Media,2,11/21/2024 0:00,Would not recommend to others.
C00092,Survey,4,12/24/2024 0:00,Very professional and efficient service. Thanks for the survey follow-up.
C00058,Social Media,3,11/11/2024 0:00,"Not bad, not great either."
C00439,Survey,5,12/9/2024 0:00,Outstanding customer support team.
C00346,Email,4,11/28/2024 0:00,
C00229,Survey,99,11/5/2024 0:00,Poor communication from the team.
C00474,Email,1,11/17/2024 0:00,Need to improve product quality.
C00117,Survey,,12/26/2024 0:00,Poor communication from the team. Thanks for the survey follow-up.
C00318,Email,,11/20/2024 0:00,Product meets basic expectations.
C00279,Survey,3,12/11/2024 0:00,"Not bad, not great either."
C00127,Email,4,12/16/2024 0:00,The product exceeded my expectations. Will buy again! Response time could be faster.
C00393,Social Media,4,12/28/2024 0:00,Excellent service! Very satisfied with my purchase. Quick response on social media.
C0,Social Media,,11/12/2024 0:00,"Service was okay, nothing special."
C00129,Email,2,11/6/2024 0:00,Product didn't meet expectations.
C00058,Survey,10,11/17/2024 0:00,Not worth the price paid.
C00122,Email,5,12/21/2024 0:00,Best shopping experience I've had in a while! Response time could be faster.
C00001,Survey,3,11/19/2024 0:00,Product meets basic expectations.
C00239,Social Media,4,11/26/2024 0:00,Excellent service! Very satisfied with my purchase.
C00290,Survey,5,12/18/2024 0:00,The product exceeded my expectations. Will buy again!
TEST123,Social Media,4,12/14/2024 0:00,Very professional and efficient service.
C00126,Survey,5,12/14/2024 0:00,The product exceeded my expectations. Will buy again! Thanks for the survey follow-up.
C00118,Survey,3,12/22/2024 0:00,Could use some improvements but generally fine.
C00048,Survey,5,12/2/2024 0:00,Really happy with the quality and delivery time. Thanks for the survey follow-up.
C00089,Email,2,,Not worth the price paid.
,Email,2,12/25/2024 0:00,Disappointed with the service quality.
C00237,Social Media,4,12/28/2024 0:00,Best shopping experience I've had in a while!
C00373,Social Media,5,12/6/2024 0:00,The product exceeded my expectations. Will buy again!
C00385,Email,5,12/8/2024 0:00,The product exceeded my expectations. Will buy again!
C00272,Social Media,1,11/11/2024 0:00,Need to improve product quality. Quick response on social media.
C00189,Email,3,3/12/2024,"Service was okay, nothing special."
C00487,Invalid,5,11/24/2024 0:00,Excellent service! Very satisfied with my purchase.
C00192,Social Media,3,11/23/2024 0:00,Decent experience overall. Quick response on social media.
C00447,Social Media,5,11/15/2024 0:00,Excellent service! Very satisfied with my purchase.
C00069,Email,5,11/27/2024 0:00,NO COMMENT
C00278,Social Media,4,11/11/2024 0:00,Great value for money. Highly recommended!
C00349,Social Media,99,12/27/2024 0:00,Decent experience overall.
C00247,Survey,4,12/21/2024 0:00,Outstanding customer support team.
C00451,Social Media,3,12/20/2024 0:00,Product meets basic expectations.
C00076,,5,11/17/2024 0:00,The product exceeded my expectations. Will buy again! Thanks for the survey follow-up.
C00154,Email,4,12/21/2024 0:00,Excellent service! Very satisfied with my purchase.
C00144,Social Media,5,12/23/2024 0:00,Outstanding customer support team.
C00435,Survey,2,11/14/2024 0:00,Product didn't meet expectations.
C00485,Email,5,11/27/2024 0:00,Really happy with the quality and delivery time.
C00086,Social Media,4,11/18/2024 0:00,The product exceeded my expectations. Will buy again!
C00185,Email,1,11/28/2024 0:00,Not worth the price paid.
C00285,Social Media,1,12/21/2024 0:00,Not worth the price paid.
C00462,Email,5,2024/17/12,The product exceeded my expectations. Will buy again!
C00220,Email,4,12/17/2024 0:00,
C00069,Survey,5,11/4/2024 0:00,Great value for money. Highly recommended!
C00047,Email,2,11/7/2024 0:00,Would not recommend to others.
C00497,,1,12/15/2024 0:00,Long waiting times for customer support.
C00094,Social Media,4,12/5/2024 0:00,Best shopping experience I've had in a while!
C00238,Survey,3,12/18/2024 0:00,
C00446,Social Media,4,11/9/2024 0:00,Very professional and efficient service. Quick response on social media.
C00500,Social Media,5,11/8/2024 0:00,Really happy with the quality and delivery time.
C00453,Social Media,5,12/22/2024 0:00,Outstanding customer support team. Quick response on social media.
C00204,Email,5,12/15/2024 0:00,Excellent service! Very satisfied with my purchase. Response time could be faster.
C00400,Email,5,11/17/2024 0:00,Very professional and efficient service.
C00218,Social Media,3,,Average service quality.
C00474,Survey,4,12/19/2024 0:00,Really happy with the quality and delivery time. Thanks for the survey follow-up.
,Email,4,12/3/2024 0:00,Outstanding customer support team.
C00341,Survey,5,12/2/2024 0:00,Really happy with the quality and delivery time.
,Social Media,1,11/8/2024 0:00,Long waiting times for customer support.
C00100,Social Media,4,11/19/2024 0:00,Great value for money. Highly recommended!
TEST123,Email,1,12/8/2024 0:00,Product didn't meet expectations.
C00254,Social Media,4,11/3/2024 0:00,Very professional and efficient service.
C00222,Email,5,,Best shopping experience I've had in a while! Response time could be faster.
C00357,Social Media,5,11/5/2024 0:00,The product exceeded my expectations. Will buy again!
C00023,Social Media,3,11/13/2024 0:00,Satisfactory purchase experience.
C00250,Email,5,12/17/2024 0:00,Outstanding customer support team.
C00010,Email,4,12/16/2024 0:00,Very professional and efficient service.
C00246,Email,1,12/1/2024 0:00,
C00325,Social Media,3,12/25/2024 0:00,Decent experience overall.
C00100,Social Media,3,11/16/2024 0:00,Product meets basic expectations.
C00290,,1,12/20/2024 0:00,Disappointed with the service quality.
,Email,5,12/2/2024 0:00,
C00223,Social Media,4,11/22/2024 0:00,Very professional and efficient service. Quick response on social media.
C00394,Social Media,5,11/29/2024 0:00,Excellent service! Very satisfied with my purchase.
C00250,Email,3,11/22/2024 0:00,Decent experience overall.
C00147,Survey,2,12/13/2024 0:00,Need to improve product quality. Thanks for the survey follow-up.
C00442,Email,4,11/3/2024 0:00,Outstanding customer support team. Response time could be faster.
C00096,Survey,2,2024/24/12,Need to improve product quality.
C00257,Social Media,4,11/10/2024 0:00,The product exceeded my expectations. Will buy again!
C00325,XXX,5,,Best shopping experience I've had in a while!
C00493,Social Media,4,11/21/2024 0:00,Really happy with the quality and delivery time.
C00004,Email,4,11/16/2024 0:00,Excellent service! Very satisfied with my purchase.
C00016,Email,2,11/12/2024 0:00,Long waiting times for customer support.
C00280,Email,1,11/2/2024 0:00,Product didn't meet expectations.
C00336,Survey,2,12/11/2024 0:00,Disappointed with the service quality.
C00247,Social Media,4,11/24/2024 0:00,The product exceeded my expectations. Will buy again! Quick response on social media.
C00258,Email,1,12/5/2024 0:00,Poor communication from the team.
C00497,Email,3,12/26/2024 0:00,"Not bad, not great either. Response time could be faster."
C00476,Social Media,,11/30/2024 0:00,Outstanding customer support team.
C00384,Email,-1,12/27/2024 0:00,
C00160,Social Media,2,11/30/2024 0:00,Long waiting times for customer support.
,Social Media,3,,Could use some improvements but generally fine.
C00340,Social Media,5,,Outstanding customer support team. Quick response on social media.
C00152,Social Media,,11/19/2024 0:00,Very professional and efficient service.
C00396,Social Media,4,12/20/2024 0:00,Really happy with the quality and delivery time.
C00178,Survey,1,11/8/2024 0:00,
,Email,5,11/26/2024 0:00,Very professional and efficient service.
C00380,Survey,4,,Excellent service! Very satisfied with my purchase.
C00033,Email,3,12/10/2024 0:00,Could use some improvements but generally fine.
C00417,Survey,5,11/7/2024 0:00,
C00445,Social Media,0,11/30/2024 0:00,"Service was okay, nothing special. Quick response on social media."
C00179,Email,4,11/7/2024 0:00,Excellent service! Very satisfied with my purchase.
C00427,Email,4,11/3/2024 0:00,Best shopping experience I've had in a while!
C00101,Survey,3,11/1/2024 0:00,Average service quality.
C00268,Survey,5,12/6/2024 0:00,Great value for money. Highly recommended!
,Email,5,11/25/2024 0:00,Excellent service! Very satisfied with my purchase.
C00065,Survey,4,12/7/2024 0:00,Excellent service! Very satisfied with my purchase.
C00417,Survey,2,11/1/2024 0:00,Need to improve product quality.
,Survey,1,11/15/2024 0:00,Long waiting times for customer support.
C00330,Social Media,3,12/7/2024 0:00,"Service was okay, nothing special."
,Social Media,5,11/13/2024 0:00,The product exceeded my expectations. Will buy again!
C00044,Survey,3,12/10/2024 0:00,Average service quality.
C00285,Survey,4,11/8/2024 0:00,Excellent service! Very satisfied with my purchase.
,Social Media,5,11/5/2024 0:00,Best shopping experience I've had in a while!
C00012,Social Media,2,12/30/2024 0:00,Not worth the price paid. Quick response on social media.
C00095,Email,4,11/9/2024 0:00,The product exceeded my expectations. Will buy again! Response time could be faster.
C00302,Email,1,11/1/2024 0:00,Not worth the price paid.
C00386,Social Media,5,12/6/2024 0:00,Very professional and efficient service. Quick response on social media.
C00253,Survey,4,12/5/2024 0:00,Excellent service! Very satisfied with my purchase.
C00499,Survey,2,11/2/2024 0:00,Product didn't meet expectations. Thanks for the survey follow-up.
C00242,Survey,3,12/10/2024 0:00,Product meets basic expectations.
C00035,Survey,-1,11/23/2024 0:00,Outstanding customer support team.
C00215,Email,,11/9/2024 0:00,Very professional and efficient service. Response time could be faster.
C00337,Social Media,5,12/4/2024 0:00,The product exceeded my expectations. Will buy again!
C00090,,4,12/16/2024 0:00,Outstanding customer support team.
C00264,,2,11/14/2024 0:00,
C00093,Survey,2,11/4/2024 0:00,Long waiting times for customer support.
C00410,Social Media,,11/30/2024 0:00,Poor communication from the team.
C00458,Email,4,12/1/2024 0:00,Great value for money. Highly recommended! Response time could be faster.
C00090,Social Media,,,Excellent service! Very satisfied with my purchase. Quick response on social media.
C00418,Social Media,4,11/11/2024 0:00,Really happy with the quality and delivery time.
C00115,Email,,12/5/2024 0:00,Would not recommend to others.
C00105,Email,4,11/8/2024 0:00,Great value for money. Highly recommended!
C00391,Email,5,11/3/2024 0:00,Really happy with the quality and delivery time.
C00196,Email,5,,Best shopping experience I've had in a while! Response time could be faster.
C00314,Email,5,12/30/2024 0:00,
C00114,Email,,11/13/2024 0:00,"Service was okay, nothing special."
C00493,Email,2,,Long waiting times for customer support.
C00075,Survey,5,12/2/2024 0:00,The product exceeded my expectations. Will buy again!
C00413,Phone,4,12/4/2024 0:00,Outstanding customer support team. Quick response on social media.
C00376,Email,3,12/15/2024 0:00,Average service quality. Response time could be faster.
C00420,Survey,5,11/19/2024 0:00,Excellent service! Very satisfied with my purchase.
C00217,Survey,5,12/29/2024 0:00,Outstanding customer support team.
C00277,Survey,4,12/8/2024 0:00,Excellent service! Very satisfied with my purchase.
C00249,Social Media,4,11/16/2024 0:00,Excellent service! Very satisfied with my purchase.
C00164,Email,3,11/2/2024 0:00,Product meets basic expectations.
C00394,Survey,4,,
C00357,Social Media,4,11/17/2024 0:00,Really happy with the quality and delivery time.
C00457,Social Media,5,12/25/2024 0:00,Best shopping experience I've had in a while!
C00408,Social Media,5,12/4/2024 0:00,Great value for money. Highly recommended! Quick response on social media.
C00192,Survey,5,12/12/2024 0:00,Excellent service! Very satisfied with my purchase.
C00227,Email,1,12/30/2024 0:00,Poor communication from the team.
C00177,Survey,5,11/16/2024 0:00,Great value for money. Highly recommended!
C00099,Survey,5,12/8/2024 0:00,
C00496,Email,4,12/30/2024 0:00,Really happy with the quality and delivery time.
C00036,Email,5,11/2/2024 0:00,Great value for money. Highly recommended!
,Email,5,11/2/2024 0:00,Great value for money. Highly recommended!
C00497,XXX,4,11/26/2024 0:00,Excellent service! Very satisfied with my purchase.
C00487,Email,4,11/13/2024 0:00,Excellent service! Very satisfied with my purchase.
C00096,Survey,2,12/26/2024 0:00,Not worth the price paid. Thanks for the survey follow-up.
C00152,Email,3,12/17/2024 0:00,Could use some improvements but generally fine.
C00151,Survey,4,,Outstanding customer support team.
C00190,,5,12/30/2024 0:00,The product exceeded my expectations. Will buy again!
C00224,Survey,3,12/4/2024 0:00,Decent experience overall.
C00037,Survey,2,12/9/2024 0:00,Poor communication from the team. Thanks for the survey follow-up.
C00268,Email,4,11/3/2024 0:00,The product exceeded my expectations. Will buy again!
C00369,Email,1,11/8/2024 0:00,Long waiting times for customer support.
C00183,Survey,2,,Not worth the price paid.
C00013,Email,1,11/14/2024 0:00,Product didn't meet expectations. Response time could be faster.
C00279,Social Media,2,12/26/2024 0:00,Disappointed with the service quality.
C00217,Social Media,2,12/25/2024 0:00,Long waiting times for customer support.
C00355,Email,3,11/27/2024 0:00,Product meets basic expectations. Response time could be faster.
C00361,Social Media,4,12/24/2024 0:00,
C00286,Email,5,11/29/2024 0:00,Great value for money. Highly recommended!
C00273,Survey,4,12/9/2024 0:00,The product exceeded my expectations. Will buy again!
C00369,Survey,5,12/23/2024 0:00,The product exceeded my expectations. Will buy again!
C00062,Social Media,2,12/9/2024 0:00,Not worth the price paid.
C00084,Email,3,11/1/2024 0:00,"Not bad, not great either."
C00368,Email,5,2024/17/11,Outstanding customer support team.
C00217,Social Media,1,12/11/2024 0:00,Need to improve product quality.
C00342,Survey,4,11/30/2024 0:00,Outstanding customer support team.
C00397,Social Media,4,12/23/2024 0:00,Great value for money. Highly recommended!
C00187,Survey,4,,Best shopping experience I've had in a while! Thanks for the survey follow-up.
C00019,Email,1,11/21/2024 0:00,Not worth the price paid. Response time could be faster.
C00177,Survey,3,11/19/2024 0:00,Decent experience overall.
C00100,Social Media,4,12/23/2024 0:00,The product exceeded my expectations. Will buy again!
C00396,Email,2,11/19/2024 0:00,Not worth the price paid.
C00445,Social Media,4,12/27/2024 0:00,Excellent service! Very satisfied with my purchase. Quick response on social media.
C00233,Social Media,5,11/25/2024 0:00,Great value for money. Highly recommended!
C00403,Survey,5,11/22/2024 0:00,Outstanding customer support team.
C00076,Social Media,3,12/1/2024 0:00,Satisfactory purchase experience.
C00265,Survey,5,11/17/2024 0:00,Outstanding customer support team.
C00455,Email,4,12/25/2024 0:00,Very professional and efficient service. Response time could be faster.
C00284,Survey,3,11/23/2024 0:00,
C00206,Email,2,12/2/2024 0:00,Disappointed with the service quality.
C00223,Survey,5,11/10/2024 0:00,Excellent service! Very satisfied with my purchase. Thanks for the survey follow-up.
C00384,Social Media,3,11/10/2024 0:00,Could use some improvements but generally fine.
C00052,Survey,3,12/6/2024 0:00,Satisfactory purchase experience.
C00339,Survey,1,11/8/2024 0:00,Long waiting times for customer support. Thanks for the survey follow-up.
C00367,Email,5,12/24/2024 0:00,Excellent service! Very satisfied with my purchase.
C00144,Social Media,5,2024/22/12,Great value for money. Highly recommended! Quick response on social media.
,XXX,5,,Excellent service! Very satisfied with my purchase. Thanks for the survey follow-up.
C00069,Social Media,3,12/2/2024 0:00,Average service quality.
,Survey,2,12/20/2024 0:00,Need to improve product quality. Thanks for the survey follow-up.
C00396,Survey,4,,Excellent service! Very satisfied with my purchase.
C00025,Social Media,4,12/20/2024 0:00,Very professional and efficient service. Quick response on social media.
C00436,Survey,2,11/28/2024 0:00,Poor communication from the team. Thanks for the survey follow-up.
C00379,Social Media,4,12/16/2024 0:00,Excellent service! Very satisfied with my purchase.
C00469,Survey,5,12/22/2024 0:00,The product exceeded my expectations. Will buy again! Thanks for the survey follow-up.
C00484,Email,5,12/23/2024 0:00,N/A
C00053,Social Media,5,2024/24/11,Best shopping experience I've had in a while! Quick response on social media.
C999999,,5,11/15/2024 0:00,The product exceeded my expectations. Will buy again!
C00144,Survey,3,11/22/2024 0:00,
C00057,Email,4,11/30/2024 0:00,The product exceeded my expectations. Will buy again!
C00039,Social Media,5,11/4/2024 0:00,Outstanding customer support team.
C00109,,2,11/13/2024 0:00,Long waiting times for customer support.
C00181,Email,5,12/29/2024 0:00,Really happy with the quality and delivery time. Response time could be faster.
C00042,Survey,4,11/23/2024 0:00,Very professional and efficient service. Thanks for the survey follow-up.
C00186,Social Media,4,11/8/2024 0:00,The product exceeded my expectations. Will buy again!
C00423,Survey,4,11/18/2024 0:00,Really happy with the quality and delivery time.
C00398,Survey,5,11/12/2024 0:00,The product exceeded my expectations. Will buy again! Thanks for the survey follow-up.
C00223,Survey,,12/25/2024 0:00,Really happy with the quality and delivery time.
C00122,Survey,1,12/1/2024 0:00,Long waiting times for customer support.
C00133,Email,5,11/14/2024 0:00,Best shopping experience I've had in a while!
C00163,Email,3,12/4/2024 0:00,"Not bad, not great either. Response time could be faster."
C00215,Social Media,3,11/18/2024 0:00,Average service quality.
C00221,Email,4,12/26/2024 0:00,The product exceeded my expectations. Will buy again!
C00235,Email,4,12/4/2024 0:00,The product exceeded my expectations. Will buy again! Response time could be faster.
C00331,Social Media,4,11/11/2024 0:00,Great value for money. Highly recommended!
C00146,Email,5,12/11/2024 0:00,Very professional and efficient service. Response time could be faster.
C00239,Email,5,11/12/2024 0:00,Outstanding customer support team.
C00076,Social Media,4,12/19/2024 0:00,
C00009,Social Media,1,11/15/2024 0:00,Disappointed with the service quality.
C00074,Social Media,5,12/27/2024 0:00,Best shopping experience I've had in a while! Quick response on social media.
C00442,Survey,5,12/1/2024 0:00,Really happy with the quality and delivery time.
,Website,,12/19/2024 0:00,Very professional and efficient service.
C00401,,1,12/28/2024 0:00,Would not recommend to others.
C00253,Social Media,1,11/29/2024 0:00,Poor communication from the team.
C00230,Social Media,3,11/26/2024 0:00,Decent experience overall.
C00007,Website,2,,Not worth the price paid.
C00174,,3,12/2/2024 0:00,Average service quality.
C00141,Email,5,11/22/2024 0:00,Really happy with the quality and delivery time.
,Email,4,12/8/2024 0:00,Great value for money. Highly recommended!
C00170,Invalid,1,11/17/2024 0:00,
C00393,Survey,3,11/23/2024 0:00,"Not bad, not great either."
,,1,11/24/2024 0:00,Long waiting times for customer support.
C00283,Survey,1,12/20/2024 0:00,
C00122,Social Media,3,11/8/2024 0:00,Satisfactory purchase experience. Quick response on social media.
C00194,Email,3,12/11/2024 0:00,Product meets basic expectations.
C00005,Social Media,5,11/6/2024 0:00,Excellent service! Very satisfied with my purchase.
C00029,Email,5,5/11/2024,Excellent service! Very satisfied with my purchase.
C00165,Email,3,12/14/2024 0:00,Satisfactory purchase experience.
C00422,Social Media,4,12/27/2024 0:00,
C00339,Email,5,11/29/2024 0:00,Best shopping experience I've had in a while!
C00136,Email,3,11/28/2024 0:00,Could use some improvements but generally fine.
C00496,Survey,2,11/11/2024 0:00,Poor communication from the team.
C00365,Email,5,12/27/2024 0:00,Excellent service! Very satisfied with my purchase. Response time could be faster.
C00321,Social Media,1,11/1/2024 0:00,Product didn't meet expectations.
C00342,Social Media,4,12/13/2024 0:00,Really happy with the quality and delivery time.
C00500,Email,4,11/19/2024 0:00,Best shopping experience I've had in a while!
C00145,Survey,3,11/9/2024 0:00,Product meets basic expectations.
C00327,Survey,3,11/27/2024 0:00,"Not bad, not great either."
C00217,Email,5,12/4/2024 0:00,Outstanding customer support team.
C00301,Email,1,12/14/2024 0:00,Poor communication from the team.
C00132,Social Media,3,11/4/2024 0:00,"Not bad, not great either."
C00292,Email,5,6/12/2024,Really happy with the quality and delivery time. Response time could be faster.
C00070,Survey,4,11/18/2024 0:00,Outstanding customer support team.
C00252,Email,2,11/15/2024 0:00,Long waiting times for customer support.
C00415,Social Media,,12/21/2024 0:00,Really happy with the quality and delivery time.
C00275,Social Media,3,,Could use some improvements but generally fine.
C00445,Social Media,5,11/19/2024 0:00,Excellent service! Very satisfied with my purchase.
TEST123,Social Media,5,12/19/2024 0:00,Really happy with the quality and delivery time. Quick response on social media.
C00182,Social Media,4,11/6/2024 0:00,Really happy with the quality and delivery time.
C00167,Email,4,12/18/2024 0:00,Really happy with the quality and delivery time.
C00091,Email,5,12/26/2024 0:00,Outstanding customer support team.
,Email,2,11/12/2024 0:00,Product didn't meet expectations.
C00346,Email,5,12/21/2024 0:00,Great value for money. Highly recommended!
C00019,Social Media,2,12/7/2024 0:00,Disappointed with the service quality. Quick response on social media.
C00039,Survey,3,11/17/2024 0:00,Could use some improvements but generally fine.
C00126,,3,12/28/2024 0:00,Could use some improvements but generally fine.
C00451,Survey,,11/23/2024 0:00,Great value for money. Highly recommended!
,Email,5,11/26/2024 0:00,The product exceeded my expectations. Will buy again!
C00141,Email,2,11/29/2024 0:00,Need to improve product quality. Response time could be faster.
C00242,Survey,1,12/3/2024 0:00,Disappointed with the service quality. Thanks for the survey follow-up.
C00220,Social Media,5,12/30/2024 0:00,Best shopping experience I've had in a while! Quick response on social media.
C00126,Email,4,11/27/2024 0:00,Great value for money. Highly recommended!
C00058,Email,1,11/25/2024 0:00,Not worth the price paid.
C00148,Email,4,12/26/2024 0:00,Great value for money. Highly recommended!
C00476,Survey,4,12/25/2024 0:00,Best shopping experience I've had in a while!
C00456,Social Media,5,11/10/2024 0:00,Really happy with the quality and delivery time. Quick response on social media.
C00317,Survey,3,12/17/2024 0:00,Satisfactory purchase experience.
C00383,Survey,4,11/23/2024 0:00,The product exceeded my expectations. Will buy again!
C00361,Social Media,4,11/21/2024 0:00,Excellent service! Very satisfied with my purchase.
C00423,Survey,5,11/21/2024 0:00,The product exceeded my expectations. Will buy again!
C00001,Social Media,4,12/13/2024 0:00,The product exceeded my expectations. Will buy again!
C00387,Email,4,11/13/2024 0:00,Great value for money. Highly recommended!
C00461,Social Media,3,12/7/2024 0:00,"Service was okay, nothing special."
,Email,5,12/3/2024 0:00,Excellent service! Very satisfied with my purchase.
C00190,Survey,4,11/24/2024 0:00,Best shopping experience I've had in a while! Thanks for the survey follow-up.
C00191,Survey,2,12/14/2024 0:00,Poor communication from the team. Thanks for the survey follow-up.
C00369,Email,4,11/11/2024 0:00,Excellent service! Very satisfied with my purchase.
,Survey,,11/17/2024 0:00,Satisfactory purchase experience. Thanks for the survey follow-up.
C00312,Social Media,1,11/4/2024 0:00,Long waiting times for customer support. Quick response on social media.
C00417,Invalid,5,12/17/2024 0:00,Best shopping experience I've had in a while!
C00422,Survey,4,11/25/2024 0:00,Outstanding customer support team.
C00117,Email,5,11/30/2024 0:00,Great value for money. Highly recommended! Response time could be faster.
C00134,Social Media,3,11/9/2024 0:00,Satisfactory purchase experience. Quick response on social media.
C00058,,5,2024/21/11,Excellent service! Very satisfied with my purchase.
C00044,Survey,2,11/20/2024 0:00,Not worth the price paid.
C00173,Social Media,3,11/19/2024 0:00,Could use some improvements but generally fine.
C00160,Email,5,11/19/2024 0:00,The product exceeded my expectations. Will buy again! Response time could be faster.
C00173,Social Media,5,11/12/2024 0:00,Great value for money. Highly recommended!
C00317,Email,4,12/7/2024 0:00,Excellent service! Very satisfied with my purchase.
C00303,Email,3,12/12/2024 0:00,Average service quality.
C00149,Social Media,5,11/17/2024 0:00,Great value for money. Highly recommended!
C00080,Survey,4,12/7/2024 0:00,Outstanding customer support team.
C00374,Social Media,10,12/24/2024 0:00,Very professional and efficient service.
C00213,Email,5,12/18/2024 0:00,Excellent service! Very satisfied with my purchase. Response time could be faster.
C00203,,1,12/9/2024 0:00,Would not recommend to others.
C00252,,2,,Not worth the price paid.
C00229,Survey,4,12/11/2024 0:00,Excellent service! Very satisfied with my purchase.
C00164,Survey,2,12/5/2024 0:00,Poor communication from the team. Thanks for the survey follow-up.
C00227,Email,3,12/17/2024 0:00,"Not bad, not great either."
C00147,Email,5,12/18/2024 0:00,Best shopping experience I've had in a while!
C00020,Survey,99,11/18/2024 0:00,Great value for money. Highly recommended!
C00441,Social Media,5,11/14/2024 0:00,Best shopping experience I've had in a while!
C999999,Email,4,12/5/2024 0:00,...
C00047,Email,4,12/14/2024 0:00,Really happy with the quality and delivery time.
C00233,Survey,10,12/11/2024 0:00,Would not recommend to others.
C00305,Social Media,3,12/30/2024 0:00,"Not bad, not great either. Quick response on social media."
C00014,Survey,,7/11/2024,Could use some improvements but generally fine.
C00143,Social Media,3,12/11/2024 0:00,"Service was okay, nothing special."
C00415,Social Media,5,11/13/2024 0:00,Great value for money. Highly recommended! Quick response on social media.
C00001,Social Media,3,11/18/2024 0:00,Could use some improvements but generally fine.
C00373,Email,4,12/7/2024 0:00,The product exceeded my expectations. Will buy again!
C00054,Survey,3,11/13/2024 0:00,Could use some improvements but generally fine.
C00374,Survey,1,12/6/2024 0:00,Not worth the price paid.
C00259,Social Media,4,,Really happy with the quality and delivery time.
C00144,Email,2,11/2/2024 0:00,Product didn't meet expectations.
C00471,Email,2,11/16/2024 0:00,Not worth the price paid.
C00441,Survey,1,11/9/2024 0:00,Not worth the price paid.
C00459,Email,3,11/9/2024 0:00,Satisfactory purchase experience.
,Email,5,,Excellent service! Very satisfied with my purchase.
C00330,Social Media,3,11/11/2024 0:00,Satisfactory purchase experience.
C00224,Email,3,12/24/2024 0:00,
C00272,Social Media,4,12/26/2024 0:00,Very professional and efficient service.
C00456,Survey,2,11/22/2024 0:00,Long waiting times for customer support.
C00358,Email,5,12/3/2024 0:00,The product exceeded my expectations. Will buy again!
C00460,Survey,4,12/6/2024 0:00,Outstanding customer support team.
C00408,Survey,4,12/15/2024 0:00,Very professional and efficient service.
C00156,Email,4,11/23/2024 0:00,The product exceeded my expectations. Will buy again!
C00373,Email,2,,Product didn't meet expectations. Response time could be faster.
C00008,Survey,4,12/15/2024 0:00,Great value for money. Highly recommended!
C00122,Email,3,12/4/2024 0:00,Average service quality.
C00348,XXX,5,11/9/2024 0:00,Outstanding customer support team.
C00164,Social Media,2,11/24/2024 0:00,Need to improve product quality. Quick response on social media.
C00090,Email,4,,The product exceeded my expectations. Will buy again!
C00136,Survey,4,11/7/2024 0:00,Excellent service! Very satisfied with my purchase.
C999999,Email,1,12/6/2024 0:00,Product didn't meet expectations.
C00316,Email,3,11/18/2024 0:00,Average service quality. Response time could be faster.
C00178,Survey,5,11/3/2024 0:00,Outstanding customer support team.
C00028,Survey,5,11/28/2024 0:00,Very professional and efficient service.
,Social Media,3,11/6/2024 0:00,"Not bad, not great either."
C00357,Survey,5,12/14/2024 0:00,Great value for money. Highly recommended!
C00041,Social Media,5,12/14/2024 0:00,Great value for money. Highly recommended!
C00228,Survey,5,11/21/2024 0:00,Very professional and efficient service.
C00192,Email,2,11/28/2024 0:00,Would not recommend to others.
C00411,Social Media,5,12/10/2024 0:00,Outstanding customer support team. Quick response on social media.
C00447,Social Media,3,12/24/2024 0:00,Satisfactory purchase experience. Quick response on social media.
C00145,Social Media,5,12/24/2024 0:00,Great value for money. Highly recommended!
C00201,Email,4,11/1/2024 0:00,Very professional and efficient service.
C00417,Email,2,12/6/2024 0:00,Need to improve product quality. Response time could be faster.
C00212,Email,5,11/21/2024 0:00,Outstanding customer support team.
C00461,Email,10,12/30/2024 0:00,Could use some improvements but generally fine. Response time could be faster.
C00220,Email,5,12/13/2024 0:00,Excellent service! Very satisfied with my purchase.
C00240,Social Media,5,12/5/2024 0:00,Great value for money. Highly recommended!
C00413,Email,4,,
C00397,Social Media,2,12/27/2024 0:00,Not worth the price paid.
C00046,Email,4,12/19/2024 0:00,
C00035,Survey,1,12/24/2024 0:00,Long waiting times for customer support.
,Social Media,1,12/24/2024 0:00,Long waiting times for customer support.
C00390,,5,11/10/2024 0:00,The product exceeded my expectations. Will buy again!
C00082,Social Media,3,12/23/2024 0:00,"Not bad, not great either. Quick response on social media."
C00371,Survey,3,12/14/2024 0:00,Product meets basic expectations.
C00256,,5,12/17/2024 0:00,Excellent service! Very satisfied with my purchase.
C00197,Email,3,12/23/2024 0:00,Could use some improvements but generally fine.
C00303,Email,3,11/10/2024 0:00,Product meets basic expectations.
C00409,Social Media,5,12/16/2024 0:00,The product exceeded my expectations. Will buy again! Quick response on social media.
C00450,Survey,2,11/13/2024 0:00,Long waiting times for customer support. Thanks for the survey follow-up.
C00010,Email,5,12/7/2024 0:00,Best shopping experience I've had in a while!
C00312,Survey,5,12/8/2024 0:00,Very professional and efficient service.
C00286,Survey,5,11/24/2024 0:00,
C00242,Email,4,11/2/2024 0:00,The product exceeded my expectations. Will buy again! Response time could be faster.
C00251,Email,3,11/22/2024 0:00,Could use some improvements but generally fine.
C00365,Survey,3,11/17/2024 0:00,"Not bad, not great either."
C00005,Email,5,12/6/2024 0:00,Best shopping experience I've had in a while!
C00119,Email,5,11/14/2024 0:00,Excellent service! Very satisfied with my purchase.
C00289,Email,4,11/10/2024 0:00,Best shopping experience I've had in a while!
C0,Social Media,3,12/5/2024 0:00,Could use some improvements but generally fine. Quick response on social media.
C00065,Survey,,11/25/2024 0:00,Poor communication from the team. Thanks for the survey follow-up.
C00146,Survey,1,11/3/2024 0:00,Would not recommend to others. Thanks for the survey follow-up.
C00224,Social Media,5,12/17/2024 0:00,The product exceeded my expectations. Will buy again! Quick response on social media.
C00239,Survey,4,12/8/2024 0:00,Excellent service! Very satisfied with my purchase.
